id,age,name,salary,city,favorite_color,jog,hike,paddleboard,camp,surf
0,49,Kelsey,82108,Ocean Beach,green,0,0,0,0,0
1,47,Clive,64206,La Jolla,purple,0,1,1,1,1
2,45,Zohaib,97339,Pacific Beach,purple,0,0,0,1,0
3,55,Nile,57011,Mira Mesa,black,0,0,0,0,0
4,47,Daniyal,77093,North Park,blue,1,1,0,1,0
5,48,Ross,41725,Mira Mesa,pink,1,1,1,0,1
6,31,Isla-Mae,85251,Encinitas,pink,0,0,0,1,1
7,15,Caelan,111047,Tierrasanta,yellow,0,0,1,0,1
8,42,Manav,83514,La Jolla,pink,0,0,0,1,0
9,34,Emmanuella,74941,Tierrasanta,pink,0,0,0,0,0
10,36,Ptolemy,56069,Pacific Beach,pink,0,0,0,0,0
11,53,Ariyan,55277,Ocean Beach,pink,0,1,0,0,0
12,16,Jae,86055,Ocean Beach,green,0,1,0,0,0
13,23,Jaden,51381,Encinitas,black,0,1,1,1,1
14,20,Kacie,123016,Clairemont,pink,0,1,0,0,1
15,34,Gwion,58975,Pacific Beach,blue,0,1,0,1,1
16,21,Keeva,41317,La Jolla,pink,0,0,1,1,0
17,30,Manveer,29071,Pacific Beach,green,1,1,0,1,1
18,62,Jermaine,76539,Encinitas,green,0,0,0,0,1
19,21,Fox,106712,Clairemont,yellow,0,0,1,0,1
20,34,Lilly-Grace,62194,Ocean Beach,pink,0,0,1,0,1
21,18,Tanvir,111565,Santee,brown,0,0,0,1,0
22,38,Tobey,39948,Clairemont,black,1,1,1,1,1
23,59,Yusef,71375,Santee,red,0,1,0,0,0
24,18,Willow,44003,Ocean Beach,pink,0,1,0,1,1
25,29,Donald,72506,Clairemont,black,0,1,0,1,1
26,51,Nora,49645,Ocean Beach,orange,0,0,0,1,0
27,62,Giorgio,65210,North Park,yellow,0,0,0,0,0
28,48,Siobhan,83693,Ocean Beach,purple,0,0,0,0,0
29,75,Jaydan,29029,Encinitas,green,0,1,1,1,1
30,68,Clara,65967,Santee,pink,0,0,0,0,0
31,35,Hannah,46646,La Jolla,purple,0,1,1,0,0
32,25,Lea,46303,Clairemont,chartreuse,0,1,0,1,0
33,54,Nyle,50559,Encinitas,yellow,0,1,0,1,1
34,67,Julian,66715,Encinitas,pink,0,1,0,0,0
35,48,Jace,66693,North Park,black,0,0,0,0,0
36,25,Halimah,65964,Pacific Beach,chartreuse,0,1,0,1,1
37,37,Lillie-Rose,43108,Ocean Beach,blue,0,1,0,1,1
38,30,Khadija,32869,Encinitas,purple,1,1,0,0,1
39,23,Ebonie,88854,Clairemont,chartreuse,1,1,0,0,1
40,15,Kelsea,38960,Pacific Beach,black,0,0,1,1,1
41,48,Harrison,66792,Oceanside,purple,1,1,0,0,0
42,76,Essa,53255,Encinitas,pink,0,0,0,1,0
43,28,Eren,53723,Mira Mesa,blue,0,1,0,1,0
44,54,Zakariyah,58611,Ocean Beach,purple,0,0,1,0,1
45,14,Bronte,68027,Del Mar,yellow,0,0,0,0,0
46,22,Wanda,66382,Tierrasanta,blue,0,1,1,1,1
47,42,Bryce,77167,Mira Mesa,black,0,0,0,0,0
48,25,Kodi,0,Pacific Beach,pink,0,1,1,1,1
49,44,Byron,68173,La Jolla,brown,0,0,0,0,0
50,30,Mairead,46753,La Jolla,pink,0,0,0,1,0
51,50,Carol,61700,Pacific Beach,green,0,1,0,0,0
52,17,Reya,13607,Pacific Beach,blue,0,1,1,0,1
53,55,Veronica,68791,La Jolla,red,0,0,0,0,0
54,24,Mischa,54022,Ocean Beach,pink,0,1,0,1,1
55,45,Cobie,81521,La Jolla,orange,0,0,0,0,0
56,32,Luis,70803,Del Mar,black,0,1,0,0,0
57,37,Olaf,81797,Oceanside,red,1,1,0,0,0
58,84,Philip,91760,North Park,blue,0,1,0,1,0
59,55,Aaryan,59620,Tierrasanta,yellow,0,0,1,0,0
60,22,Margaux,74903,Pacific Beach,black,0,0,1,0,1
61,23,Shelbie,79100,Del Mar,blue,0,1,1,1,1
62,45,Luca,42857,Del Mar,brown,0,1,1,0,1
63,58,Yvonne,97467,Mira Mesa,blue,0,0,0,1,0
64,58,Kyran,64784,Pacific Beach,brown,0,0,0,1,0
65,30,Raya,72658,Encinitas,purple,1,1,0,1,1
66,23,Jolie,115340,Tierrasanta,black,1,1,1,1,1
67,42,Keisha,64337,Mira Mesa,yellow,0,0,1,0,0
68,19,Jazmyn,30221,Santee,red,0,1,0,0,0
69,27,Efe,33359,Mira Mesa,red,0,0,0,1,0
70,16,Stefania,132328,Clairemont,purple,0,1,0,0,0
71,63,Samiya,72381,Clairemont,blue,0,1,0,0,0
72,42,Stewart,74421,Encinitas,chartreuse,0,1,0,1,0
73,48,Bilaal,67540,La Jolla,yellow,0,0,0,1,0
74,57,Philip,67774,Santee,blue,0,0,1,1,0
75,25,Harmony,59265,Mira Mesa,red,0,0,0,1,0
76,18,Kadie,73044,Santee,red,0,1,1,0,0
77,62,Francisco,35227,Tierrasanta,yellow,1,1,1,1,1
78,22,Sade,65532,Oceanside,blue,0,0,1,0,1
79,20,Kaya,48440,Pacific Beach,pink,0,1,0,1,1
80,57,Christopher,76612,Ocean Beach,chartreuse,0,1,1,0,1
81,68,Malachi,64925,Encinitas,green,0,1,0,1,1
82,42,Terence,40608,Oceanside,red,0,1,0,0,1
83,56,Kaiden,86196,La Jolla,red,1,1,0,0,0
84,55,John,76989,Encinitas,purple,0,1,1,1,0
85,54,Tobey,86651,Encinitas,yellow,1,0,0,0,0
86,24,Colette,139005,La Jolla,purple,0,1,0,0,1
87,67,John,52821,North Park,red,0,0,0,1,0
88,29,Demi-Leigh,114344,Encinitas,pink,0,1,1,1,1
89,21,Hermione,94947,Oceanside,brown,1,1,0,1,1
90,25,Carolyn,113837,Tierrasanta,purple,1,1,1,0,1
91,62,Jaydan,67386,Ocean Beach,blue,1,1,0,1,0
92,55,Deen,34626,Ocean Beach,yellow,1,1,0,1,1
93,59,Solomon,80606,Mira Mesa,green,0,1,0,0,0
94,42,Waseem,49280,Clairemont,yellow,0,1,0,1,1
95,23,Dottie,155428,Tierrasanta,brown,0,1,1,1,1
96,52,Rosina,69487,Tierrasanta,orange,1,0,0,0,0
97,28,Melina,72538,North Park,yellow,0,1,1,1,1
98,32,Brittany,109569,Oceanside,pink,0,1,0,1,1
99,65,Shah,25979,La Jolla,pink,0,0,0,0,1
100,29,Lyla,86239,Oceanside,red,0,1,0,1,1
101,38,Charity,71453,Mira Mesa,red,0,0,0,0,0
102,29,Jadine,61040,Pacific Beach,orange,0,1,1,1,1
103,15,Evelina,167959,Ocean Beach,green,0,1,0,1,1
104,76,Ricardo,20299,Clairemont,chartreuse,0,1,1,0,1
105,57,Ira,79112,La Jolla,chartreuse,0,1,1,0,0
106,15,Caelan,69561,Del Mar,purple,1,1,1,1,1
107,85,Federico,78848,Pacific Beach,green,0,1,0,1,0
108,21,Mckenzie,33401,Encinitas,black,0,1,1,0,1
109,38,Farrah,91838,Del Mar,pink,1,1,0,1,1
110,21,Nabeela,44985,Pacific Beach,pink,0,0,0,1,1
111,30,Hannah,99057,Tierrasanta,pink,1,1,0,1,1
112,58,Troy,71735,North Park,blue,1,0,0,0,0
113,62,Edwin,48406,Del Mar,brown,0,1,0,0,0
114,28,Elizabeth,46789,Santee,pink,1,1,0,0,0
115,80,Kallum,38384,Encinitas,purple,0,1,0,1,1
116,32,Evalyn,28483,Oceanside,yellow,1,0,0,0,1
117,79,Idrees,46507,Mira Mesa,green,1,1,1,1,1
118,50,Anton,66364,Santee,pink,0,1,1,0,0
119,49,Abul,71711,Pacific Beach,red,0,1,1,0,1
120,43,Willard,72360,Tierrasanta,purple,0,0,0,0,1
121,52,Aaryan,42005,Santee,red,0,0,0,0,0
122,53,Marni,68271,Tierrasanta,blue,1,0,0,0,1
123,26,Edna,61514,Pacific Beach,red,0,1,0,1,1
124,35,Tiah,172128,Encinitas,pink,0,1,1,0,1
125,30,Amalie,52181,Mira Mesa,pink,0,1,0,1,0
126,45,Anam,30267,Encinitas,pink,1,1,1,0,1
127,25,Johanna,137152,Del Mar,purple,0,1,0,1,1
128,16,Avaya,35864,Encinitas,yellow,0,0,1,1,1
129,27,Amalie,120213,Encinitas,pink,0,1,0,1,1
130,38,Rosina,95549,Ocean Beach,blue,0,0,0,1,1
131,75,Jaden,87374,Santee,chartreuse,0,1,0,0,0
132,30,Madeeha,87538,Encinitas,chartreuse,0,1,1,0,1
133,69,Curtis,61758,Encinitas,blue,1,1,0,1,1
134,56,Usamah,27184,Mira Mesa,yellow,0,1,0,1,1
135,22,Jadine,125976,Oceanside,red,0,1,1,0,0
136,27,Mariah,113963,Oceanside,red,0,1,0,0,1
137,41,Ozan,81939,Tierrasanta,blue,0,0,0,1,0
138,56,Xander,63112,Oceanside,red,1,1,1,0,1
139,13,Lilly-Grace,48010,Oceanside,blue,0,0,1,0,1
140,69,Sanaa,72779,Oceanside,yellow,0,1,0,0,0
141,55,Mattie,25481,Del Mar,red,0,0,0,1,1
142,56,Nikodem,75901,Del Mar,yellow,1,0,0,1,0
143,25,Tania,57805,Encinitas,yellow,0,1,1,1,0
144,59,Tashan,63473,Santee,chartreuse,0,0,0,0,0
145,76,Devante,25899,Encinitas,purple,0,0,1,1,1
146,48,Rayyan,67044,Santee,purple,1,1,0,1,0
147,70,Kourtney,45926,Mira Mesa,blue,1,0,0,0,0
148,16,Stefania,63830,Del Mar,yellow,0,0,0,0,1
149,43,Bradley,75204,Oceanside,yellow,0,1,1,1,1
150,16,Maci,65346,Pacific Beach,brown,0,1,0,0,1
151,18,Veronica,0,La Jolla,yellow,0,0,0,1,0
152,22,Henrietta,62462,Tierrasanta,green,0,0,1,1,1
153,45,Manuel,53631,Pacific Beach,red,0,0,1,1,1
154,28,Mckenzie,87584,La Jolla,pink,0,0,1,1,1
155,29,Bella,109791,Pacific Beach,red,0,1,1,1,1
156,57,Christopher,40628,Mira Mesa,pink,1,1,0,0,1
157,19,Klara,61026,Tierrasanta,brown,0,1,0,1,1
158,36,Caelan,128105,Clairemont,black,0,1,0,1,0
159,64,Giuseppe,42392,North Park,yellow,0,0,0,1,1
160,28,Vivienne,82763,North Park,pink,1,1,0,1,1
161,62,Francisco,80734,Santee,yellow,0,1,1,0,0
162,16,Theodora,107794,Clairemont,pink,0,1,0,1,1
163,85,Kodi,58890,La Jolla,chartreuse,0,1,0,0,0
164,44,Xander,38107,Oceanside,green,1,1,1,0,1
165,53,Sachin,19569,Ocean Beach,purple,0,0,0,0,1
166,56,Dawud,61916,La Jolla,pink,0,1,0,0,0
167,27,Syed,63741,Clairemont,pink,1,1,0,1,0
168,43,Bjorn,80293,North Park,red,0,0,0,1,0
169,53,Sahib,19024,Encinitas,black,0,1,0,0,1
170,32,Reagan,73529,Ocean Beach,yellow,0,1,0,1,1
171,48,Kourtney,30420,Encinitas,purple,0,0,0,0,1
172,14,Sia,97519,Clairemont,yellow,0,1,1,0,1
173,24,Carly,73214,Ocean Beach,pink,0,1,0,0,0
174,26,Tommy,57820,Encinitas,orange,1,0,1,0,1
175,63,Suraj,63297,Ocean Beach,brown,0,1,0,1,0
176,72,Saad,61322,North Park,blue,0,1,0,1,0
177,74,Kobi,60856,Clairemont,black,1,0,0,1,1
178,61,Rayyan,78373,Del Mar,chartreuse,0,1,0,1,0
179,19,Cathy,108640,Mira Mesa,orange,0,0,0,1,1
180,25,Kelsea,17070,Pacific Beach,blue,0,0,1,0,1
181,46,Kim,95517,Santee,blue,1,0,0,0,0
182,29,Lilly-Grace,76101,Oceanside,pink,1,1,0,1,1
183,54,Fox,79462,La Jolla,blue,0,0,0,1,0
184,54,Waseem,65187,Del Mar,blue,0,0,1,1,0
185,62,Dewi,17479,Ocean Beach,orange,0,0,0,0,1
186,29,Samia,56796,Del Mar,pink,1,1,1,0,1
187,68,Jonny,92447,Clairemont,brown,0,0,0,0,0
188,27,Shanae,41606,Tierrasanta,brown,0,1,0,1,0
189,61,Aayush,69913,La Jolla,yellow,0,1,0,1,0
190,48,Randy,73166,Santee,black,1,1,1,1,0
191,28,Leona,114436,Oceanside,pink,1,1,0,1,1
192,30,Jan,33258,Ocean Beach,pink,0,0,0,0,0
193,21,Tabitha,73976,Encinitas,yellow,0,0,1,1,1
194,49,Keyan,76603,Tierrasanta,chartreuse,0,1,0,0,1
195,66,Arwen,36429,Oceanside,blue,0,0,0,0,1
196,48,Max,71106,North Park,green,0,0,0,1,0
197,54,Kier,93576,Pacific Beach,black,1,0,0,1,0
198,42,Aron,83288,Encinitas,pink,0,1,1,1,1
199,62,Jaydan,82091,Santee,pink,1,0,0,1,0
200,26,Jan,107117,Tierrasanta,pink,0,0,0,1,0
201,39,Darcie-Mae,52981,Ocean Beach,chartreuse,0,0,1,1,1
202,61,Atif,86494,Clairemont,blue,0,1,0,0,0
203,57,Rami,52130,Mira Mesa,chartreuse,1,0,1,1,0
204,26,Nabeela,68548,La Jolla,blue,0,1,1,1,1
205,12,Fionn,118523,Clairemont,brown,0,1,0,1,0
206,27,Amalie,18465,Mira Mesa,blue,1,0,0,1,0
207,63,Affan,51716,Encinitas,purple,0,1,1,1,1
208,21,Carol,56076,La Jolla,pink,0,0,0,1,1
209,27,Amara,66869,Mira Mesa,blue,0,1,1,1,1
210,46,Gurdeep,76345,Ocean Beach,purple,0,1,0,0,0
211,27,Kadie,84075,Mira Mesa,pink,0,1,0,0,1
212,39,Cobie,77628,Tierrasanta,blue,0,1,0,0,0
213,59,Daniaal,66829,Ocean Beach,blue,0,0,1,1,1
214,29,Fahmida,79105,North Park,blue,0,0,1,1,1
215,24,Ayomide,56730,Clairemont,brown,1,0,1,0,1
216,48,Zhane,82426,Del Mar,pink,0,1,0,1,0
217,25,Carolyn,26866,North Park,yellow,0,0,0,1,1
218,32,Jaydon,75050,North Park,pink,0,1,0,0,0
219,22,Zhane,73482,Pacific Beach,yellow,1,1,0,1,1
220,73,Zidan,78411,North Park,yellow,1,0,0,1,0
221,27,Lilly-Grace,93962,Ocean Beach,black,1,0,1,1,1
222,63,Zion,70464,Tierrasanta,blue,0,0,0,0,0
223,17,Kenzie,23919,Tierrasanta,pink,0,0,1,0,1
224,16,Alyssa,73648,North Park,brown,1,1,1,1,1
225,19,Sheridan,132858,Encinitas,yellow,0,1,1,0,1
226,31,Teddie,46825,Ocean Beach,brown,1,0,1,1,1
227,7,Nabeela,93966,North Park,black,0,1,0,0,0
228,47,Ines,87830,Ocean Beach,orange,1,1,0,0,0
229,25,Shantelle,102248,La Jolla,purple,0,0,0,1,0
230,33,Paris,35664,La Jolla,black,0,1,0,0,1
231,63,Daanish,99689,Encinitas,brown,0,1,0,1,1
232,45,Esmee,64381,Santee,red,0,1,1,0,0
233,26,Kareena,155217,Del Mar,purple,0,0,0,1,0
234,19,Che,97599,Encinitas,red,1,1,1,1,1
235,52,Jacques,73428,Encinitas,brown,0,0,1,0,0
236,52,Jaya,78556,Ocean Beach,black,0,1,0,1,0
237,23,Sonya,36614,Pacific Beach,yellow,0,1,0,0,1
238,55,Ishaan,77178,Mira Mesa,pink,0,0,0,1,0
239,51,Betty,76172,Clairemont,red,1,1,0,0,0
240,47,Danyl,41492,Del Mar,blue,0,0,0,0,0
241,60,Lemar,56587,La Jolla,blue,1,1,0,1,0
242,6,Myra,83544,Tierrasanta,pink,0,1,0,1,1
243,24,Nia,137037,Del Mar,purple,0,0,0,0,0
244,14,Janet,132029,Ocean Beach,black,0,0,0,1,0
245,39,Lachlan,53838,Tierrasanta,orange,0,0,0,1,0
246,18,Hunter,63808,Encinitas,blue,0,1,1,1,1
247,53,Cody,0,Oceanside,pink,0,0,0,1,1
248,23,Simran,45099,Santee,black,0,1,0,1,0
249,29,Cooper,81763,Encinitas,pink,1,1,1,1,1
250,46,Alexander,67827,North Park,pink,0,1,1,0,0
251,41,Ayva,55282,La Jolla,blue,0,1,0,0,0
252,28,Aleksander,86027,North Park,green,0,0,0,0,0
253,48,Kate,58618,La Jolla,blue,1,1,1,0,0
254,38,Ayman,56481,Clairemont,blue,0,1,0,0,0
255,57,Kalvin,72181,Pacific Beach,purple,0,0,1,1,1
256,23,Kenny,94689,Ocean Beach,pink,0,1,0,1,1
257,66,Ross,48735,Mira Mesa,pink,1,1,0,0,1
258,33,Alisa,72545,Oceanside,chartreuse,0,0,0,1,0
259,47,Julius,32076,North Park,red,0,0,1,1,1
260,74,Lindsey,77941,Encinitas,blue,0,0,1,0,1
261,36,Gary,54198,North Park,green,0,1,1,0,1
262,58,Mujtaba,66599,Pacific Beach,chartreuse,0,1,1,0,1
263,27,Nylah,49498,Oceanside,red,0,0,1,0,1
264,76,Edna,77556,Ocean Beach,black,0,1,0,0,0
265,50,Haaris,35940,La Jolla,pink,0,1,0,1,1
266,30,Tracey,76477,Mira Mesa,chartreuse,1,0,0,1,0
267,18,Melina,83508,Oceanside,brown,0,1,1,1,1
268,44,Kate,76300,Pacific Beach,purple,0,0,1,0,1
269,28,Kristen,133555,La Jolla,yellow,0,1,1,1,1
270,52,Rami,75623,Ocean Beach,black,1,0,0,0,0
271,55,Tobey,39474,North Park,yellow,0,0,1,1,1
272,21,Ilayda,89574,Encinitas,pink,0,1,1,1,1
273,48,Coen,80292,Pacific Beach,brown,0,0,0,1,1
274,55,Daniyal,82179,Encinitas,orange,0,1,0,1,0
275,48,Katharine,70256,Encinitas,brown,0,1,0,0,0
276,34,Tatiana,105224,Ocean Beach,yellow,0,0,1,1,1
277,36,Annalise,107110,Pacific Beach,red,0,0,0,0,1
278,46,Oisin,95863,Tierrasanta,pink,0,1,0,1,0
279,60,Bayley,81463,North Park,black,0,0,0,1,0
280,59,Jared,57199,Ocean Beach,green,0,0,0,1,0
281,38,Mischa,87585,Santee,green,0,0,0,0,0
282,38,Robbie,68648,Clairemont,chartreuse,0,1,0,1,0
283,48,Faizaan,60986,Santee,brown,0,0,0,0,0
284,66,Elijah,65537,Mira Mesa,pink,0,0,0,0,0
285,26,Evelina,50031,Santee,yellow,0,1,0,1,0
286,85,Jorge,68893,Mira Mesa,yellow,0,0,1,0,0
287,45,Fatima,60571,La Jolla,yellow,0,1,0,1,0
288,30,Colette,44346,Oceanside,pink,0,1,1,0,1
289,63,Jaydon,77544,Encinitas,black,0,1,0,1,0
290,34,Catriona,95169,Ocean Beach,purple,0,1,1,1,1
291,49,Ksawery,48106,North Park,blue,1,0,1,1,0
292,53,Zhane,28077,Pacific Beach,yellow,0,1,1,1,1
293,54,Malakai,59602,Tierrasanta,black,0,1,0,0,0
294,36,Lewie,41334,Tierrasanta,pink,0,1,0,0,1
295,44,Chase,77863,Tierrasanta,blue,0,0,1,0,1
296,22,Zainab,49698,Oceanside,brown,0,0,0,0,0
297,71,Faizaan,73676,La Jolla,brown,0,1,0,0,0
298,21,Sonya,40867,Oceanside,orange,0,1,0,1,1
299,21,Myra,30744,Encinitas,pink,0,0,1,0,1
300,22,Trinity,77142,Pacific Beach,green,0,0,1,0,0
301,23,Darcie-Mae,71134,Encinitas,purple,0,1,1,1,1
302,15,Alissa,40093,Oceanside,pink,0,0,0,1,1
303,29,Kayan,84026,Clairemont,orange,1,1,1,1,1
304,25,Deanne,210185,Santee,black,1,1,0,0,0
305,76,Danni,61298,Clairemont,pink,1,0,0,1,0
306,17,Ayman,43346,Clairemont,green,0,1,1,0,1
307,56,Roshan,81159,Encinitas,blue,0,1,1,0,1
308,32,Marley,124468,Ocean Beach,blue,1,0,1,0,0
309,29,Elise,93641,Tierrasanta,pink,1,1,0,0,1
310,48,Miguel,13887,Tierrasanta,blue,0,1,1,0,1
311,70,Mccauley,82132,La Jolla,blue,0,1,0,0,0
312,21,Shazia,46102,Pacific Beach,chartreuse,1,1,1,1,1
313,22,Vivienne,104518,Del Mar,pink,0,0,0,0,1
314,13,Karla,101953,Oceanside,yellow,0,0,0,1,1
315,51,Sachin,39675,Tierrasanta,yellow,0,1,0,0,1
316,57,Greyson,53947,Oceanside,yellow,0,0,0,0,0
317,26,Jazmyn,49320,La Jolla,chartreuse,1,0,0,0,0
318,60,Samual,60703,Tierrasanta,pink,0,0,0,1,1
319,25,Shelbie,164414,Del Mar,brown,1,0,1,1,0
320,28,Roseanna,93999,Oceanside,black,0,1,1,1,1
321,17,Esha,113554,Pacific Beach,red,0,0,1,1,1
322,40,Ben,31420,Encinitas,chartreuse,0,1,1,0,1
323,62,Siobhan,60434,Pacific Beach,red,0,0,0,1,0
324,30,Micah,83747,Clairemont,red,1,0,1,0,1
325,11,Keisha,0,Encinitas,pink,0,1,0,1,1
326,57,Jared,75871,La Jolla,brown,0,0,0,1,0
327,62,Nala,93778,Del Mar,red,0,0,0,1,0
328,76,Kwabena,58269,La Jolla,yellow,1,0,1,0,0
329,68,Kadie,76210,La Jolla,yellow,0,0,1,1,0
330,65,Valentino,35181,Oceanside,pink,0,1,0,0,0
331,18,Aiesha,88465,Del Mar,blue,0,0,0,0,0
332,61,Elwood,50136,Ocean Beach,yellow,0,1,1,0,1
333,15,Bree,41392,Pacific Beach,yellow,0,0,1,0,1
334,27,Annalise,122784,Oceanside,brown,0,1,0,0,0
335,59,Gurdeep,74442,Oceanside,black,0,1,0,1,1
336,30,Eren,123380,Oceanside,brown,0,1,1,1,1
337,42,Curtis,61183,Clairemont,brown,1,1,0,0,1
338,71,Jermaine,66201,Mira Mesa,green,0,1,1,1,0
339,31,Macy,49933,North Park,yellow,0,0,1,0,1
340,77,Ezra,65675,La Jolla,pink,1,0,0,0,0
341,24,Kendall,58897,Del Mar,red,1,0,1,1,1
342,19,Kimora,0,Tierrasanta,black,0,0,0,1,1
343,62,Brett,40779,Del Mar,red,0,0,0,1,0
344,67,Cairo,50499,Oceanside,green,0,0,0,1,0
345,44,Gideon,59099,Oceanside,brown,0,1,1,1,1
346,29,Jorge,79611,Oceanside,chartreuse,0,1,1,1,1
347,37,Rodney,75680,La Jolla,red,0,0,0,1,0
348,52,Maaria,74269,Tierrasanta,yellow,0,1,0,0,0
349,39,Keeva,61949,Ocean Beach,pink,1,1,0,0,0
350,63,Mathew,77747,Tierrasanta,orange,1,0,1,0,0
351,30,Jess,115077,Pacific Beach,pink,0,1,1,0,1
352,19,Dru,30853,Encinitas,yellow,0,1,0,1,1
353,69,Leo,60111,Del Mar,blue,0,0,1,1,0
354,62,Bradley,70793,La Jolla,brown,1,1,0,1,0
355,33,Jess,32741,Mira Mesa,brown,1,1,1,0,1
356,19,Asia,34472,Oceanside,black,1,1,0,1,1
357,57,Awais,68351,La Jolla,pink,0,1,0,0,0
358,73,Teo,79303,Pacific Beach,orange,0,0,0,1,0
359,45,Madison,39561,Ocean Beach,black,0,1,0,1,1
360,41,Cairo,66126,Ocean Beach,yellow,0,1,0,0,0
361,58,Waseem,62124,Santee,green,0,1,0,0,0
362,58,Gwion,84936,Mira Mesa,purple,0,1,0,0,0
363,19,Che,142283,Clairemont,purple,0,1,0,1,0
364,56,Alex,68183,Mira Mesa,blue,1,1,0,0,0
365,25,Beulah,68750,Encinitas,yellow,0,1,1,0,1
366,56,Soraya,74997,Tierrasanta,green,1,0,0,0,0
367,68,Lyla,79467,Clairemont,blue,0,0,1,0,0
368,59,Tyler-Jay,75897,Pacific Beach,blue,0,1,0,0,0
369,23,Carole,71075,Oceanside,pink,0,0,0,0,1
370,55,Dexter,45627,Tierrasanta,pink,1,1,0,1,1
371,57,Jordi,78643,Mira Mesa,brown,0,0,0,0,1
372,23,Zara,24685,La Jolla,chartreuse,0,0,0,1,0
373,66,Padraig,71039,Ocean Beach,red,1,1,0,0,1
374,14,Mylah,78000,Del Mar,black,0,1,1,1,1
375,54,Wren,52665,North Park,brown,0,1,0,0,0
376,42,Aron,99446,Clairemont,red,0,1,1,1,0
377,63,Natalie,93895,Del Mar,red,0,1,0,0,0
378,24,Lois,78793,North Park,blue,0,1,0,0,0
379,29,Kristie,55920,Oceanside,yellow,0,0,1,1,1
380,15,Carina,49371,Oceanside,pink,0,0,1,1,1
381,66,Derrick,58363,Encinitas,blue,1,1,1,0,1
382,30,Usamah,6877,Oceanside,blue,0,1,1,1,1
383,35,Sonya,66174,Ocean Beach,pink,0,1,0,1,1
384,58,Bridget,71987,Santee,red,0,1,0,1,0
385,46,Martin,65721,Oceanside,black,0,1,0,1,1
386,60,Mccauley,71704,Clairemont,green,1,1,0,1,0
387,36,Kendal,78912,Santee,pink,0,0,1,1,0
388,54,Storm,77701,Santee,chartreuse,0,0,1,0,0
389,57,Harlee,59863,Santee,brown,0,1,0,0,0
390,24,Stefania,157455,Mira Mesa,brown,1,0,0,0,0
391,26,Keir,135408,North Park,chartreuse,0,1,0,0,1
392,14,Anaya,66943,La Jolla,pink,1,1,1,1,1
393,42,Hermione,83133,Tierrasanta,orange,0,1,0,0,0
394,17,Cecelia,52090,Clairemont,brown,1,0,0,0,0
395,27,Ziggy,35281,Tierrasanta,black,0,1,0,0,1
396,36,Ziggy,80080,Pacific Beach,brown,0,1,1,1,0
397,65,Conrad,52642,Oceanside,blue,0,0,1,0,1
398,27,Krista,109288,Pacific Beach,pink,0,1,0,1,1
399,56,Kodi,63389,Santee,yellow,0,0,0,0,0
400,19,Samera,114340,Santee,blue,0,0,0,0,0
401,77,Danny,51513,Pacific Beach,green,0,1,0,0,1
402,20,Sanaa,3007,La Jolla,purple,0,1,1,0,0
403,22,Hermione,93096,La Jolla,orange,0,1,0,0,0
404,61,Keanu,20980,Oceanside,pink,0,0,1,0,1
405,52,Cecil,81238,Encinitas,blue,1,0,1,1,1
406,41,Atif,28502,Pacific Beach,purple,0,0,0,1,1
407,72,Jaye,40152,Encinitas,black,0,1,0,0,1
408,13,Avaya,123181,Del Mar,yellow,0,0,0,1,0
409,25,Zuzanna,105598,Tierrasanta,green,1,1,0,0,1
410,72,Charity,77943,Mira Mesa,red,0,1,1,0,0
411,16,Amelia,68754,Clairemont,pink,1,0,1,0,1
412,25,Roisin,86884,Mira Mesa,brown,0,0,0,1,0
413,63,Colette,71851,Oceanside,red,0,1,0,0,0
414,31,Saniya,84139,Del Mar,yellow,1,0,0,1,1
415,21,Katharine,102622,Oceanside,pink,0,1,1,0,1
416,49,Rocco,83237,Santee,yellow,0,0,1,0,0
417,70,Ammar,47602,Encinitas,purple,0,1,1,1,1
418,42,Mario,90713,La Jolla,blue,0,0,0,1,1
419,35,Ann-Marie,43624,Clairemont,green,0,1,1,0,1
420,13,Amarah,133544,Mira Mesa,black,0,0,0,0,0
421,74,Leah,69308,Clairemont,black,0,1,0,0,0
422,26,Amelia,65598,La Jolla,green,0,1,1,1,0
423,46,Ammar,86377,Santee,purple,0,0,0,1,0
424,52,Miguel,31382,Encinitas,brown,1,1,1,1,1
425,67,Josiah,70647,Encinitas,red,0,0,0,0,0
426,32,Teddie,112072,Oceanside,red,0,1,1,1,1
427,20,Demi-Leigh,65741,Pacific Beach,yellow,0,0,1,0,0
428,27,Sofie,177510,Santee,yellow,0,0,0,0,0
429,45,Harmony,46619,Oceanside,red,0,1,0,0,0
430,47,Olivier,59752,Pacific Beach,green,0,0,0,1,0
431,39,Jensen,47005,Ocean Beach,blue,1,0,0,0,0
432,16,Myra,107641,Tierrasanta,purple,0,0,1,0,1
433,49,Kyan,72080,Santee,yellow,0,1,0,1,0
434,20,Christiana,102608,Clairemont,pink,0,0,1,0,1
435,61,Harrison,60859,Mira Mesa,brown,0,0,0,1,0
436,51,Coen,85724,Clairemont,orange,0,1,1,1,0
437,63,Atticus,58060,North Park,yellow,0,1,0,1,0
438,40,Anwar,71417,Pacific Beach,orange,0,1,0,0,1
439,56,Perry,68539,Ocean Beach,pink,0,0,0,0,0
440,46,Tyreece,64120,Clairemont,yellow,0,1,1,0,0
441,69,Deen,84850,La Jolla,pink,0,1,0,1,0
442,55,Keon,75297,Ocean Beach,red,0,1,0,1,0
443,25,Izzy,116675,Pacific Beach,pink,0,1,0,0,1
444,80,Lynn,64355,North Park,orange,0,0,1,0,0
445,26,Alia,67646,Del Mar,brown,1,1,1,0,1
446,21,Nettie,74393,Pacific Beach,blue,1,1,0,1,1
447,47,Jovan,76560,Clairemont,green,1,0,0,1,0
448,54,Kasper,69835,North Park,yellow,0,0,0,0,0
449,76,John,61002,Clairemont,red,0,1,0,0,0
450,38,Edwin,70077,Encinitas,pink,0,0,0,1,0
451,11,Ira,104009,Oceanside,orange,0,1,1,0,1
452,21,Lori,110601,Tierrasanta,blue,0,0,1,1,1
453,35,Nasir,16511,Pacific Beach,blue,0,1,1,1,1
454,66,Lilly-Grace,61517,Clairemont,black,0,0,1,1,0
455,54,Wiktoria,83474,Mira Mesa,purple,0,1,0,1,0
456,30,Jiya,93032,North Park,purple,0,1,0,1,1
457,57,Yasin,71222,Oceanside,pink,0,0,0,1,0
458,11,Jett,72514,La Jolla,yellow,0,1,0,1,1
459,55,Lachlan,52422,Clairemont,yellow,0,1,1,1,1
460,24,Fatima,51767,Del Mar,yellow,0,1,1,1,1
461,31,Demi-Leigh,82585,Ocean Beach,yellow,0,1,1,1,1
462,21,Bella,75216,Ocean Beach,orange,0,1,1,0,1
463,39,Kenzie,55612,Encinitas,yellow,0,1,1,0,1
464,57,Torin,64929,North Park,yellow,0,1,0,1,0
465,26,Tyrell,115418,Clairemont,blue,0,1,1,0,0
466,48,Maci,91253,Mira Mesa,brown,0,0,0,0,0
467,35,Caden,55865,North Park,chartreuse,1,1,0,0,1
468,43,Aron,90395,Tierrasanta,yellow,0,0,0,0,0
469,77,Brodie,26691,Oceanside,pink,0,1,0,1,1
470,30,Hailie,51931,La Jolla,yellow,1,0,0,1,0
471,31,Fahmida,39781,Encinitas,pink,1,1,0,1,1
472,21,Leah,112489,Encinitas,pink,0,1,1,1,0
473,48,Karson,33236,Encinitas,pink,1,1,0,0,1
474,21,Alexis,66289,Tierrasanta,yellow,1,0,1,1,1
475,11,Tommy,56043,Encinitas,black,1,1,1,0,1
476,27,Annie,51363,Del Mar,chartreuse,0,1,0,0,0
477,30,Nabeela,46739,Tierrasanta,brown,1,1,0,0,0
478,52,Amie,69812,Santee,purple,0,1,1,0,0
479,19,Colette,112129,Santee,yellow,0,1,1,1,1
480,49,Keegan,68692,Clairemont,purple,0,0,1,0,0
481,33,Maja,16295,Clairemont,red,0,1,1,1,0
482,51,Madison,56093,Pacific Beach,yellow,0,1,0,0,1
483,27,Rhiana,63766,Ocean Beach,red,0,0,1,0,1
484,49,Bayley,78415,Clairemont,yellow,0,1,0,0,0
485,18,Syed,88362,Santee,chartreuse,0,0,0,0,0
486,27,Sanaa,79752,Oceanside,chartreuse,0,1,1,1,1
487,30,Mattie,96004,Pacific Beach,red,0,1,1,0,1
488,53,Aayush,70442,Ocean Beach,pink,1,1,0,0,0
489,56,Casey,40300,Encinitas,blue,0,0,0,0,1
490,49,Christopher,78031,Del Mar,brown,1,1,1,0,1
491,54,Anam,29407,La Jolla,black,0,1,0,1,1
492,31,Louise,65439,La Jolla,pink,1,0,1,0,1
493,21,Shannen,105132,Ocean Beach,pink,1,1,0,0,0
494,46,Cody,52515,Encinitas,pink,0,0,0,0,1
495,54,Zhane,57067,Clairemont,pink,0,1,0,0,1
496,25,Zaara,120564,Santee,orange,0,1,0,0,0
497,58,Tia,23558,Tierrasanta,pink,1,1,1,1,1
498,54,Siobhan,78736,Ocean Beach,blue,0,0,1,1,0
499,43,Arnas,14654,Pacific Beach,brown,1,1,1,1,1
500,25,Isabell,84764,Encinitas,chartreuse,1,0,1,0,1
501,45,Waseem,69849,Oceanside,pink,0,1,0,0,1
502,62,Harlee,75561,Mira Mesa,black,0,0,0,1,0
503,48,Brandan,47801,Pacific Beach,blue,0,0,1,1,1
504,36,Lillie-Rose,84014,Tierrasanta,brown,1,1,1,1,1
505,47,Kasim,68045,Ocean Beach,pink,0,1,0,1,0
506,23,Stefania,78074,Oceanside,red,0,0,0,0,0
507,66,Cameron,84928,Clairemont,blue,0,0,0,0,0
508,23,Taya,109683,Encinitas,black,1,0,0,0,0
509,22,Fionn,66438,Encinitas,green,1,0,1,0,0
510,51,Olivia-Grace,149701,Pacific Beach,orange,0,1,1,1,1
511,65,Wyatt,74493,North Park,red,0,1,0,1,0
512,62,Kasper,78115,Santee,red,0,0,0,1,0
513,29,Abigail,104131,Encinitas,yellow,0,1,1,1,0
514,64,Julius,77755,Mira Mesa,yellow,0,0,0,0,0
515,49,Scott,78668,La Jolla,blue,0,1,0,0,0
516,20,Kaitlyn,103926,North Park,yellow,0,1,1,0,1
517,69,Zeshan,67830,Clairemont,purple,1,0,0,0,0
518,76,Harmony,67353,La Jolla,pink,0,1,0,0,0
519,67,Johanna,83478,Del Mar,red,0,0,0,0,0
520,30,Harrison,59991,Clairemont,black,0,1,1,1,1
521,37,Anis,61672,Del Mar,pink,0,1,0,1,1
522,20,Katherine,86522,La Jolla,red,0,1,0,0,0
523,60,Waqar,59112,Oceanside,red,1,0,0,0,0
524,40,Korben,95057,Pacific Beach,purple,1,1,1,1,1
525,60,Madison,76421,Mira Mesa,red,0,1,0,0,0
526,70,Abbas,80550,Santee,orange,1,1,0,0,0
527,52,Jett,66975,Clairemont,black,1,0,0,1,1
528,38,Rodney,8042,Encinitas,black,1,0,0,1,1
529,23,Janet,85441,Del Mar,blue,1,1,1,1,1
530,25,Gabrielle,0,Oceanside,blue,0,1,1,1,1
531,24,Kyla,86186,Encinitas,red,1,1,0,1,1
532,45,Dominick,67845,Mira Mesa,green,0,1,0,0,0
533,14,Mea,58013,Tierrasanta,purple,0,1,0,1,1
534,13,Cristina,91525,Santee,brown,1,1,1,0,0
535,14,Esmee,92899,La Jolla,brown,0,1,1,1,1
536,36,Tobey,44600,Ocean Beach,blue,0,0,0,0,0
537,67,Riley-Jay,44279,Santee,chartreuse,0,1,1,1,0
538,9,Anwar,103343,La Jolla,chartreuse,0,0,0,0,0
539,27,Bree,66146,Oceanside,red,0,1,0,0,1
540,41,Edna,47346,Pacific Beach,red,0,0,0,1,0
541,48,Dawud,58917,Santee,red,0,0,0,0,0
542,69,Braxton,105080,Mira Mesa,red,0,1,0,1,0
543,62,Adela,73574,Pacific Beach,yellow,0,0,0,0,0
544,54,Anam,57310,La Jolla,green,1,0,0,0,0
545,34,Halimah,85983,Ocean Beach,yellow,0,0,0,0,0
546,71,Cody,53114,Santee,blue,0,1,0,0,0
547,30,Bianca,42028,Encinitas,yellow,0,1,1,0,1
548,50,Katelin,67699,Encinitas,yellow,0,1,1,0,0
549,67,Harrison,71350,Mira Mesa,chartreuse,1,1,0,1,0
550,79,Julius,57288,Mira Mesa,yellow,0,0,1,1,0
551,54,Casey,75845,Clairemont,green,0,1,0,0,0
552,30,Alexis,42422,Oceanside,pink,0,1,0,1,1
553,30,Marley,83174,La Jolla,red,0,1,0,1,0
554,45,Mario,67074,Oceanside,yellow,0,1,1,0,1
555,34,Taya,65402,Tierrasanta,brown,0,0,0,0,0
556,57,Musa,76467,North Park,blue,0,0,1,1,0
557,46,Ptolemy,67199,Santee,green,1,0,0,1,0
558,60,Terence,69672,La Jolla,red,0,0,1,1,0
559,63,Tanvir,85143,La Jolla,blue,0,1,0,0,0
560,48,Storm,84560,Encinitas,red,1,0,0,0,0
561,44,Lynn,66214,Clairemont,red,1,1,0,1,1
562,20,Destiny,89150,Clairemont,chartreuse,0,1,1,1,1
563,51,Brooke,38399,Mira Mesa,yellow,1,1,0,0,1
564,23,Tatiana,68544,Clairemont,blue,0,1,0,0,0
565,46,Kingston,68350,Encinitas,brown,0,0,0,1,1
566,30,Fallon,96243,Pacific Beach,brown,0,0,0,0,0
567,33,Nico,112118,Clairemont,pink,0,0,0,1,1
568,19,Summer-Louise,106841,La Jolla,blue,0,0,0,0,0
569,57,Dominick,26339,Ocean Beach,orange,0,1,1,0,1
570,64,Anas,44359,Oceanside,pink,0,1,0,0,1
571,18,Alison,100672,Pacific Beach,yellow,1,1,1,1,1
572,45,Cieran,19334,Pacific Beach,green,0,1,1,0,1
573,48,Vishal,76311,Encinitas,pink,0,1,0,0,0
574,38,Howard,62746,Oceanside,purple,0,1,1,1,0
575,35,Vivien,45990,Oceanside,purple,0,0,1,1,1
576,91,Dylon,27706,La Jolla,yellow,1,1,0,1,1
577,86,Alasdair,63128,Oceanside,green,1,0,0,0,0
578,28,Tatiana,98669,North Park,yellow,1,1,1,0,0
579,31,Kacy,97059,Oceanside,chartreuse,1,1,0,0,0
580,59,Flynn,69513,La Jolla,brown,0,0,0,1,0
581,68,Kyan,91825,Tierrasanta,pink,0,1,0,1,1
582,37,Curtis,42745,Encinitas,yellow,0,0,1,1,1
583,50,Reon,66474,Tierrasanta,black,0,1,0,0,0
584,26,Beatrix,82871,Ocean Beach,orange,0,1,0,0,1
585,52,Marion,34470,Clairemont,pink,0,1,0,1,1
586,21,Blossom,136995,Pacific Beach,yellow,0,1,1,1,1
587,72,Steve,49604,Oceanside,orange,1,1,1,1,1
588,27,Sierra,36469,Pacific Beach,pink,0,1,0,1,1
589,73,Asa,48434,La Jolla,purple,0,1,1,1,1
590,16,Kaya,80400,Encinitas,brown,1,1,1,1,1
591,35,Elysia,35363,Del Mar,pink,0,1,1,1,1
592,63,Aarush,52629,Encinitas,pink,0,1,1,1,1
593,73,Jillian,62164,Ocean Beach,pink,0,1,0,1,0
594,28,Zuzanna,42624,Del Mar,chartreuse,0,0,1,1,1
595,18,Evelina,118206,La Jolla,pink,0,0,0,1,0
596,16,Chantal,52673,Del Mar,green,0,0,1,0,1
597,61,Mathias,95928,Encinitas,brown,0,1,1,0,1
598,54,Reilly,81436,North Park,brown,0,1,0,0,0
599,59,Summer-Louise,74532,Santee,chartreuse,0,0,1,0,0
600,30,Taya,99191,Ocean Beach,blue,0,0,0,1,0
601,57,Lyla,72117,North Park,yellow,0,0,1,0,0
602,22,Carole,55819,Encinitas,black,0,1,0,0,1
603,73,Sacha,59101,Clairemont,black,0,1,1,1,1
604,38,Zainab,75395,Tierrasanta,brown,0,1,0,1,0
605,51,Abdallah,84183,Oceanside,brown,0,1,1,1,1
606,13,Bryn,131229,Encinitas,brown,0,0,1,0,0
607,24,Juliet,135640,Encinitas,chartreuse,0,0,1,1,1
608,20,Hawa,88688,Ocean Beach,purple,0,0,0,0,0
609,38,Shanay,26390,Encinitas,blue,1,1,1,1,1
610,70,Faye,60119,Ocean Beach,purple,0,1,0,0,0
611,27,Keelan,104727,Clairemont,pink,0,1,1,1,1
612,32,Sion,49213,Encinitas,pink,1,0,1,0,1
613,49,Harrison,90424,Mira Mesa,yellow,1,1,0,0,0
614,14,Amy,86932,Encinitas,orange,0,1,1,1,1
615,59,Kwabena,68049,Mira Mesa,pink,0,0,0,1,0
616,28,Marni,95273,Pacific Beach,orange,0,1,1,0,0
617,18,Elicia,92001,Tierrasanta,pink,1,0,0,0,1
618,27,Kate,22423,Encinitas,purple,0,1,0,1,1
619,77,Kasper,74687,Clairemont,blue,0,1,0,0,0
620,72,Korben,78464,Clairemont,red,0,1,0,1,0
621,33,Lilly-Grace,123870,Mira Mesa,yellow,1,0,0,0,0
622,57,Dora,56354,Santee,green,0,1,0,0,0
623,26,Miranda,44755,Clairemont,orange,0,1,0,1,1
624,57,Robbie,69646,Santee,chartreuse,0,0,0,1,0
625,32,Sommer,43250,Encinitas,yellow,1,1,0,1,1
626,55,Charles,43087,Oceanside,brown,0,1,0,1,1
627,48,Tegan,102658,Tierrasanta,yellow,0,0,0,0,1
628,52,Ishmael,58507,Pacific Beach,yellow,0,1,0,1,0
629,45,Tayyab,55939,La Jolla,green,0,1,0,0,0
630,16,Agata,82791,La Jolla,yellow,0,1,0,1,1
631,53,Warwick,56689,Del Mar,pink,0,1,0,1,1
632,10,Thierry,61229,Clairemont,black,1,0,0,0,0
633,49,Huxley,70758,Mira Mesa,yellow,0,1,0,1,0
634,28,Katharine,25866,Ocean Beach,blue,0,0,1,0,1
635,11,Katherine,82382,Clairemont,blue,0,0,0,1,0
636,30,Marta,96419,Santee,orange,1,0,0,1,0
637,68,Carolyn,66270,North Park,yellow,0,0,0,0,0
638,48,Zidan,54520,North Park,chartreuse,1,0,1,1,0
639,45,Corban,65508,Encinitas,blue,0,0,1,0,1
640,20,Lacey-May,43222,Tierrasanta,green,0,1,1,1,1
641,30,Kiana,74322,Encinitas,green,1,0,0,0,1
642,20,Malaikah,118427,Oceanside,blue,1,1,1,1,1
643,17,Tyrell,128226,Pacific Beach,yellow,0,1,0,1,1
644,27,Faye,124091,Pacific Beach,yellow,0,1,0,0,1
645,14,Nadia,53413,North Park,black,1,1,1,1,1
646,17,Emmanuella,93669,Ocean Beach,green,0,0,0,1,0
647,61,Clive,50609,Oceanside,black,0,1,0,1,1
648,24,Mea,28021,Encinitas,orange,1,1,1,0,1
649,25,Rhiana,42544,Encinitas,orange,1,1,1,1,1
650,17,Emerson,23192,Pacific Beach,brown,0,1,1,1,1
651,21,Rimsha,66134,Del Mar,black,0,0,0,1,0
652,30,Mischa,78696,Encinitas,orange,0,1,1,1,1
653,31,Shanay,73222,North Park,red,0,1,0,0,0
654,50,Elisha,51371,Santee,black,1,1,0,1,0
655,66,Kaya,51318,Ocean Beach,green,0,0,0,1,0
656,51,Tashan,62950,Pacific Beach,brown,1,1,0,1,0
657,67,Ibrar,21806,Oceanside,orange,0,1,0,0,1
658,38,Zidan,55530,Encinitas,chartreuse,0,0,0,0,0
659,54,Tina,80968,Tierrasanta,yellow,0,0,0,0,0
660,35,Alissa,130009,Encinitas,yellow,0,0,1,0,1
661,32,Valerie,42475,Pacific Beach,brown,1,1,0,0,1
662,63,Esa,76526,Tierrasanta,brown,1,0,0,1,1
663,29,Shanay,65471,Pacific Beach,black,0,1,0,1,1
664,28,Winifred,95398,Pacific Beach,red,0,1,0,1,1
665,48,Deborah,80189,Encinitas,yellow,0,1,0,1,0
666,76,Moses,69110,Mira Mesa,orange,0,1,0,0,0
667,21,Adina,61061,Oceanside,orange,0,1,0,0,0
668,72,Muneeb,100285,North Park,yellow,0,0,0,0,0
669,42,Kate,53574,Tierrasanta,chartreuse,1,1,1,0,1
670,24,Samual,95012,Santee,yellow,0,0,1,0,1
671,43,Harlee,79878,Clairemont,pink,0,1,0,0,0
672,28,Amelia-Rose,142657,Encinitas,pink,0,1,0,1,1
673,66,Whitney,43292,La Jolla,blue,0,1,1,1,1
674,55,Kyla,71216,Santee,red,1,1,0,0,0
675,20,Bradley,151103,Del Mar,brown,0,0,0,0,1
676,53,Esmee,58727,La Jolla,brown,0,0,1,0,0
677,48,Elwood,52461,Pacific Beach,pink,0,0,0,0,0
678,66,Ewen,67917,Del Mar,red,0,1,0,1,0
679,32,Kyla,108272,Ocean Beach,green,0,1,0,0,0
680,73,Rhys,64044,Clairemont,brown,0,1,0,0,0
681,41,Shazia,55490,La Jolla,orange,0,0,0,0,1
682,21,Angel,117210,La Jolla,brown,0,1,0,1,0
683,36,Cassandra,43128,Oceanside,yellow,1,1,0,0,1
684,25,Karla,149550,Oceanside,red,0,1,1,1,1
685,20,Nabeela,111277,La Jolla,yellow,1,1,0,1,1
686,60,Aayush,59489,Clairemont,purple,0,0,0,0,0
687,67,Nasir,77380,Encinitas,yellow,0,0,0,1,0
688,39,Jordi,58728,North Park,pink,1,1,1,0,1
689,28,Carina,73044,La Jolla,yellow,1,0,1,1,1
690,59,Zi,27591,Pacific Beach,red,0,1,1,1,1
691,10,Jaydon,71518,Tierrasanta,green,0,0,0,1,1
692,18,Haleemah,23324,Pacific Beach,yellow,0,1,0,0,1
693,20,Khadeeja,134506,Tierrasanta,pink,0,0,0,0,0
694,34,Francisco,53867,Encinitas,red,0,0,1,0,1
695,35,Hannah,105650,Del Mar,purple,0,1,1,0,0
696,20,Edna,53567,North Park,pink,0,1,0,0,1
697,27,Elisha,26394,Oceanside,pink,0,0,1,1,1
698,36,Alia,102925,Del Mar,black,0,1,0,1,0
699,22,Faye,112727,Tierrasanta,yellow,0,0,0,1,0
